Clus_kmeans4,match_day,winner_name,winner_hand,percentage_successful_attempt,sil_width,freq
0,22.38095238095238,0.0,1.0,42.61904761904762,0.3961374620461826,21
1,13.5,0.375,0.0,34.375,0.20867446018226035,8
2,37.25,0.875,0.0,28.75,0.3430803948878083,8
3,30.692307692307693,1.0,0.9230769230769231,49.23076923076923,0.38556697837918896,13
